Product Name,Manual URL
1176 Classic FET Compressor Manual,https://help.uaudio.com/hc/en-us/articles/34530260482324-1176-Classic-FET-Compressor-Manual
A-Type Multiband Enhancer Manual,https://help.uaudio.com/hc/en-us/articles/34757792026004-A-Type-Multiband-Enhancer-Manual
AKG BX20 Spring Reverb Manual,https://help.uaudio.com/hc/en-us/articles/28320595155988-AKG-BX20-Spring-Reverb-Manual
Ampex ATR-102 Master Tape Recorder Manual,https://help.uaudio.com/hc/en-us/articles/28281608779540-Ampex-ATR-102-Master-Tape-Recorder-Manual
Ampex ATR-102 Mastering Tape Recorder Manual,https://help.uaudio.com/hc/en-us/articles/32491139365140-Ampex-ATR-102-Mastering-Tape-Recorder-Manual
Anthem Analog Synthesizer Manual,https://help.uaudio.com/hc/en-us/articles/38277904513044-Anthem-Analog-Synthesizer-Manual
API 2500 Bus Compressor Manual,https://help.uaudio.com/hc/en-us/articles/4419505673620-API-2500-Bus-Compressor-Manual
API 500 Series EQ Collection Manual,https://help.uaudio.com/hc/en-us/articles/32524771071636-API-500-Series-EQ-Collection-Manual
API Preamp Manual,https://help.uaudio.com/hc/en-us/articles/32684792936596-API-Preamp-Manual
API Vision Channel Strip Manual,https://help.uaudio.com/hc/en-us/articles/4419513327124-API-Vision-Channel-Strip-Manual
Avalon VT-737 Tube Channel Strip Manual,https://help.uaudio.com/hc/en-us/articles/18741383023892-Avalon-VT-737-Tube-Channel-Strip-Manual
Bermuda Triangle Manual,https://help.uaudio.com/hc/en-us/articles/33030737223188-Bermuda-Triangle-Manual
Brigade Chorus Manual,https://help.uaudio.com/hc/en-us/articles/7360583462036-Brigade-Chorus-Manual
Cambridge EQ Manual,https://help.uaudio.com/hc/en-us/articles/33030796802068-Cambridge-EQ-Manual
Capitol Chambers Manual,https://help.uaudio.com/hc/en-us/articles/18741463946516-Capitol-Chambers-Manual
Capitol Mastering Compressor Manual,https://help.uaudio.com/hc/en-us/articles/15388033304724-Capitol-Mastering-Compressor-Manual
Century Tube Channel Strip Manual,https://help.uaudio.com/hc/en-us/articles/11912560531860-Century-Tube-Channel-Strip-Manual
Cooper Time Cube MkII Delay Manual,https://help.uaudio.com/hc/en-us/articles/33030860246676-Cooper-Time-Cube-MkII-Delay-Manual
CS-1 Channel Strip Manual,https://help.uaudio.com/hc/en-us/articles/35426861699220-CS-1-Channel-Strip-Manual
dbx 160 Compressor Manual,https://help.uaudio.com/hc/en-us/articles/18741620620692-dbx-160-Compressor-Manual
Dream '65 Reverb Amp Manual,https://help.uaudio.com/hc/en-us/articles/30847237412500-Dream-65-Reverb-Amp-Manual
DreamVerb Manual,https://help.uaudio.com/hc/en-us/articles/33030899033236-DreamVerb-Manual
Electra 88 Vintage Keys Manual,https://help.uaudio.com/hc/en-us/articles/15388071477652-Electra-88-Vintage-Keys-Manual
Empirical Labs EL7 Fatso Manual,https://help.uaudio.com/hc/en-us/articles/33030906406676-Empirical-Labs-EL7-Fatso-Manual
Empirical Labs EL8 Distressor Manual,https://help.uaudio.com/hc/en-us/articles/18741515014676-Empirical-Labs-EL8-Distressor-Manual
EMT 140 Plate Reverb Manual,https://help.uaudio.com/hc/en-us/articles/33030978351892-EMT-140-Plate-Reverb-Manual
EMT 250 Electronic Reverberator Manual,https://help.uaudio.com/hc/en-us/articles/33031098095380-EMT-250-Electronic-Reverberator-Manual
EP-34 Tape Echo Manual,https://help.uaudio.com/hc/en-us/articles/33141081493012-EP-34-Tape-Echo-Manual
Fairchild Tube Limiter Collection Manual,https://help.uaudio.com/hc/en-us/articles/13293388042900-Fairchild-Tube-Limiter-Collection-Manual
Fender '55 Tweed Deluxe Manual,https://help.uaudio.com/hc/en-us/articles/33147831920532-Fender-55-Tweed-Deluxe-Manual
Galaxy Tape Echo Manual,https://help.uaudio.com/hc/en-us/articles/4419513003668-Galaxy-Tape-Echo-Manual
Harrison 32C EQ Manual,https://help.uaudio.com/hc/en-us/articles/33147784558612-Harrison-32C-EQ-Manual
Helios Type 69 Preamp & EQ Collection Manual,https://help.uaudio.com/hc/en-us/articles/18737805108500-Helios-Type-69-Preamp-EQ-Collection-Manual
Hemisphere Mic Collection Manual,https://help.uaudio.com/hc/en-us/articles/18739731158932-Hemisphere-Mic-Collection-Manual
Hitsville EQ Collection Manual,https://help.uaudio.com/hc/en-us/articles/5912073858836-Hitsville-EQ-Collection-Manual
Hitsville Reverb Chambers Manual,https://help.uaudio.com/hc/en-us/articles/10095944517396-Hitsville-Reverb-Chambers-Manual
Ibanez Tube Screamer TS808 Manual,https://help.uaudio.com/hc/en-us/articles/33194439877396-Ibanez-Tube-Screamer-TS808-Manual
Korg SDD-3000 Digital Delay Manual,https://help.uaudio.com/hc/en-us/articles/33194525793684-Korg-SDD-3000-Digital-Delay-Manual
LA-2A Tube Compressor Manual,https://help.uaudio.com/hc/en-us/articles/19378009641748-LA-2A-Tube-Compressor-Manual
LA-6176 Signature Channel Strip Manual,https://help.uaudio.com/hc/en-us/articles/26600175702932-LA-6176-Signature-Channel-Strip-Manual
Lexicon 224 Digital Reverb Manual,https://help.uaudio.com/hc/en-us/articles/4419497193492-Lexicon-224-Digital-Reverb-Manual
Lexicon 480L Digital Reverb and Effects Manual,https://help.uaudio.com/hc/en-us/articles/33194625601044-Lexicon-480L-Digital-Reverb-and-Effects-Manual
Lion '68 Super Lead Amp Manual,https://help.uaudio.com/hc/en-us/articles/30847259997972-Lion-68-Super-Lead-Amp-Manual
Little Labs IBP Manual,https://help.uaudio.com/hc/en-us/articles/35454419978388-Little-Labs-IBP-Manual
Little Labs VOG Manual,https://help.uaudio.com/hc/en-us/articles/33194891100052-Little-Labs-VOG-Manual
Manley Massive Passive EQ Manual,https://help.uaudio.com/hc/en-us/articles/18739889642388-Manley-Massive-Passive-EQ-Manual
Manley Tube Preamp Manual,https://help.uaudio.com/hc/en-us/articles/17820107242644-Manley-Tube-Preamp-Manual
Manley Variable Mu Manual,https://help.uaudio.com/hc/en-us/articles/18737967080340-Manley-Variable-Mu-Manual
Manley VOXBOX Channel Strip Manual,https://help.uaudio.com/hc/en-us/articles/17790028958228-Manley-VOXBOX-Channel-Strip-Manual
Moog Multimode Filter Collection Manual,https://help.uaudio.com/hc/en-us/articles/33194429199764-Moog-Multimode-Filter-Collection-Manual
Moog® Minimoog Manual,https://help.uaudio.com/hc/en-us/articles/360041479272-Moog-Minimoog-Manual
MXR Flanger/Doubler Manual,https://help.uaudio.com/hc/en-us/articles/33531569312788-MXR-Flanger-Doubler-Manual
Neve 1073 Preamp & EQ Manual,https://help.uaudio.com/hc/en-us/articles/4419497223188-Neve-1073-Preamp-EQ-Manual
Neve 1081 Equalizer Manual,https://help.uaudio.com/hc/en-us/articles/33532491721364-Neve-1081-Equalizer-Manual
Neve 1084 Preamp & EQ Manual,https://help.uaudio.com/hc/en-us/articles/33536643185556-Neve-1084-Preamp-EQ-Manual
Neve 31102 Console EQ Manual,https://help.uaudio.com/hc/en-us/articles/33532552555412-Neve-31102-Console-EQ-Manual
Neve 88RS Channel Strip Collection Manual,https://help.uaudio.com/hc/en-us/articles/33532446950292-Neve-88RS-Channel-Strip-Collection-Manual
Neve Preamp Manual,https://help.uaudio.com/hc/en-us/articles/33535973905812-Neve-Preamp-Manual
Neve® Dynamics Collection Manual,https://help.uaudio.com/hc/en-us/articles/33536131639956-Neve-Dynamics-Collection-Manual
Ocean Way Mic Collection Manual,https://help.uaudio.com/hc/en-us/articles/33536543046804-Ocean-Way-Mic-Collection-Manual
Ocean Way Studios Deluxe Manual,https://help.uaudio.com/hc/en-us/articles/42552298695060-Ocean-Way-Studios-Deluxe-Manual
Ocean Way Studios Manual,https://help.uaudio.com/hc/en-us/articles/33699356960276-Ocean-Way-Studios-Manual
Opal Morphing Synthesizer Manual,https://help.uaudio.com/hc/en-us/articles/4421163605908-Opal-Morphing-Synthesizer-Manual
Oxide Tape Recorder Manual,https://help.uaudio.com/hc/en-us/articles/11914703390740-Oxide-Tape-Recorder-Manual
Paradise Guitar Studio Manual,https://help.uaudio.com/hc/en-us/articles/43356770492692-Paradise-Guitar-Studio-Manual
PolyMAX Synth Manual,https://help.uaudio.com/hc/en-us/articles/10207494851220-PolyMAX-Synth-Manual
Precision Buss Compressor Manual,https://help.uaudio.com/hc/en-us/articles/33536262658068-Precision-Buss-Compressor-Manual
Precision Channel Strip Manual,https://help.uaudio.com/hc/en-us/articles/33536331318804-Precision-Channel-Strip-Manual
Precision De-Esser Manual,https://help.uaudio.com/hc/en-us/articles/33536699791892-Precision-De-Esser-Manual
Precision Delay Modulation Manual,https://help.uaudio.com/hc/en-us/articles/33536359160212-Precision-Delay-Modulation-Manual
Precision Enhancer Hz Manual,https://help.uaudio.com/hc/en-us/articles/33536774357780-Precision-Enhancer-Hz-Manual
Precision Enhancer kHz Manual,https://help.uaudio.com/hc/en-us/articles/33536813282452-Precision-Enhancer-kHz-Manual
Precision Equalizer Manual,https://help.uaudio.com/hc/en-us/articles/33536849410708-Precision-Equalizer-Manual
Precision K-Stereo Ambience Recovery Manual,https://help.uaudio.com/hc/en-us/articles/33536978639252-Precision-K-Stereo-Ambience-Recovery-Manual
Precision Limiter Manual,https://help.uaudio.com/hc/en-us/articles/33537016551700-Precision-Limiter-Manual
Precision Maximizer Manual,https://help.uaudio.com/hc/en-us/articles/33537023172628-Precision-Maximizer-Manual
Precision Multiband Manual,https://help.uaudio.com/hc/en-us/articles/33537058867860-Precision-Multiband-Manual
Precision Reflection Engine Manual,https://help.uaudio.com/hc/en-us/articles/33537160710548-Precision-Reflection-Engine-Manual
Pultec Passive EQ Collection Manual,https://help.uaudio.com/hc/en-us/articles/7183176266260-Pultec-Passive-EQ-Collection-Manual
Pure Plate Reverb Manual,https://help.uaudio.com/hc/en-us/articles/4419497304340-Pure-Plate-Reverb-Manual
Putnam Mic Collection Manual,https://help.uaudio.com/hc/en-us/articles/33537195027476-Putnam-Mic-Collection-Manual
Ravel™ Grand Piano Manual,https://help.uaudio.com/hc/en-us/articles/360041911111-Ravel-Grand-Piano-Manual
Raw Distortion Manual,https://help.uaudio.com/hc/en-us/articles/33537175596564-Raw-Distortion-Manual
RealVerb Pro Manual,https://help.uaudio.com/hc/en-us/articles/33537278497428-RealVerb-Pro-Manual
Roland CE-1 Chorus Ensemble Manual,https://help.uaudio.com/hc/en-us/articles/33538165732500-Roland-CE-1-Chorus-Ensemble-Manual
Roland Dimension D Manual,https://help.uaudio.com/hc/en-us/articles/33538284818964-Roland-Dimension-D-Manual
Roland RE-201 Space Echo Manual,https://help.uaudio.com/hc/en-us/articles/33538271334164-Roland-RE-201-Space-Echo-Manual
Ruby '63 Top Boost Amp Manual,https://help.uaudio.com/hc/en-us/articles/30847299809556-Ruby-63-Top-Boost-Amp-Manual
Showtime '64 Tube Amp Manual,https://help.uaudio.com/hc/en-us/articles/40062124308756-Showtime-64-Tube-Amp-Manual
Sound City Studios Manual,https://help.uaudio.com/hc/en-us/articles/18738187503380-Sound-City-Studios-Manual
SPL Transient Designer Manual,https://help.uaudio.com/hc/en-us/articles/33538335681428-SPL-Transient-Designer-Manual
SSL 4000 E Channel Strip Manual,https://help.uaudio.com/hc/en-us/articles/30847477384212-SSL-4000-E-Channel-Strip-Manual
SSL 4000 G Bus Compressor Manual,https://help.uaudio.com/hc/en-us/articles/30847649785748-SSL-4000-G-Bus-Compressor-Manual
Studer A800 Multichannel Tape Recorder Manual,https://help.uaudio.com/hc/en-us/articles/4419513099156-Studer-A800-Multichannel-Tape-Recorder-Manual
Studio D Chorus Manual,https://help.uaudio.com/hc/en-us/articles/7360582279828-Studio-D-Chorus-Manual
Teletronix LA-2A Leveler Collection Manual,https://help.uaudio.com/hc/en-us/articles/4419496124180-Teletronix-LA-2A-Leveler-Collection-Manual
Teletronix LA-3A Compressor Manual,https://help.uaudio.com/hc/en-us/articles/13925934548884-Teletronix-LA-3A-Compressor-Manual
Thermionic Culture Vulture Manual,https://help.uaudio.com/hc/en-us/articles/33542576197908-Thermionic-Culture-Vulture-Manual
Topline Vocal Suite and Topline Key Finder Manual,https://help.uaudio.com/hc/en-us/articles/30847129107732-Topline-Vocal-Suite-and-Topline-Key-Finder-Manual
Trident A-Range EQ Manual,https://help.uaudio.com/hc/en-us/articles/33542671805972-Trident-A-Range-EQ-Manual
TS Overdrive Manual,https://help.uaudio.com/hc/en-us/articles/33937466692628-TS-Overdrive-Manual
UA 1176 Classic Limiter Collection Manual,https://help.uaudio.com/hc/en-us/articles/4419447352980-UA-1176-Classic-Limiter-Collection-Manual
UA 175-B & 176 Tube Compressor Collection Manual,https://help.uaudio.com/hc/en-us/articles/15707665525780-UA-175-B-176-Tube-Compressor-Collection-Manual
UA 610 Tube Preamp & EQ Collection Manual,https://help.uaudio.com/hc/en-us/articles/17475989779860-UA-610-Tube-Preamp-EQ-Collection-Manual
UAD Direct Developer Plug-In Manuals,https://help.uaudio.com/hc/en-us/articles/18748722793876-UAD-Direct-Developer-Plug-In-Manuals
Using an External Sidechain with UAD Plug-Ins,https://help.uaudio.com/hc/en-us/articles/17949313152532-Using-an-External-Sidechain-with-UAD-Plug-Ins
Using MIDI Learn in UAD Plug-Ins,https://help.uaudio.com/hc/en-us/articles/38338846512276-Using-MIDI-Learn-in-UAD-Plug-Ins
Using UAD Plug-Ins Manual,https://help.uaudio.com/hc/en-us/articles/5085501350932-Using-UAD-Plug-Ins-Manual
V76 Preamplifier Manual,https://help.uaudio.com/hc/en-us/articles/33542693659284-V76-Preamplifier-Manual
Verve Analog Machines Manual,https://help.uaudio.com/hc/en-us/articles/25190283956500-Verve-Analog-Machines-Manual
Waterfall B3 Organ Manual,https://help.uaudio.com/hc/en-us/articles/4421163858836-Waterfall-B3-Organ-Manual
Waterfall Rotary Speaker Manual,https://help.uaudio.com/hc/en-us/articles/12735041523988-Waterfall-Rotary-Speaker-Manual
Woodrow '55 Instrument Amp Manual,https://help.uaudio.com/hc/en-us/articles/34758701036308-Woodrow-55-Instrument-Amp-Manual
